Smile Obsession - Chicago,1
East Erie Dental - SE Chicago Dentistry,524
Park View Smiles,35
Shoreline Dental Chicago,22
Smile Obsession - Chicago,1
East Erie Dental - SE Chicago Dentistry,524
Park View Smiles,35
Shoreline Dental Chicago,22
Dental Group Of Chicago,95
South and West Loop,401
Lincoln Shine Dental,455
Park West Dental,9
Dr. Ramy Bahu,84
In The Loop Dental,18
Chicago Dental Solutions - Lincoln Dental Care,3
Lake View Dental Associates,20
Chicago Dental Solutions - Chicago Dental Design,3
NK Family Dental,300
Kimberly Smiles Cosmetic & General Dentistry,38
Sugar Fix Dental Loft,181
Enamel Dental Studio,192
Stone Dental Group,377
Neighborhood Dental,109
Ora Dental Studio - Wicker Park,388
Washington Dental Care,53
Smile Science Chicago,60
Strobel Dentistry,11
Pure Design Dentistry,115
Lake Dental Care,82
Lincoln Park Smiles - The Loop,58
Dental Smiles of West Loop,96
Chicago Style Smiles,454
Comfort Family Dental,74
Lincoln Park Smiles - Clybourn Corridor,56
Mitchell Dental Spa,138
Smile First Family Dental Studio,41
Cornerstone Dental Care,4
Floss & Co.,27
Northside Dental: Brent E. Agran DDS,4
Clark Dental Care,20
Polished - A Dental Studio,2
Sadri's Family Dental,9
Eco Friendly Dentistry,6
Chicago Downtown Dental Suite,5
Michael Matsumoto's Practice,319
New England Dental Group,4
North Clark Dental Center,2
Benjamin S. Fiss,188
William Couvelis's Practice,43
Portage Park Dental Associates,18
Dr. Trucia A. Drummond,10
Big City Dental,2
Compass Dental at Northbrook,3
Magnificent Mile Family Dental,38
Pearly White Dental,5
Dr. Richard Guerra,42
Advanced Family Dental - Mustapha Hotait DDS,1
Dr. Minh T. Nguyen,6
Dentologie,77
Dr. Rita E. Salvi-Platt,6
Sweet Tooth Dentistry,5
Dental Touch,9
Jeffrey Wolszon D.D.S. & Associates,7
In Smyle Dental,1
Howard Spector's Practice,5
Smile Chicago,2
Sandburg Village Dental â€“ Reena Shah,2
Joyful Dental Care,5
Metro Dental,28
Bright Dental of Logan Square,8
